,index,M1,M2,M3,M4,M5,M6,M7,M8,M9,M10,M11,M12,M13,M14,M15,M16,M17,M18,M19,M20,ID,seq,seq_type,L1,L2,L3,L4,L5,L6,L7,L8,L9,L10,L11,L12,L13,L14,L15,L16,L17,L18,L19,L20,B1,B2,B3,B4,B5,B6,B7,B8,B9,B10,B11,B12,B13,B14,B15,B16,B17,B18,B19,B20
0,0,1,0,1,0,1,0,1,0,1,0,0,0,1,0,1,1,0,0,0,0,CTRL_HEKsiteNO18,ACACACACACTTAGAATCTG,1,A,C,A,C,A,C,A,C,A,C,T,T,A,G,A,A,T,C,T,G,0,1,0,1,0,1,0,1,0,1,2,2,0,3,0,0,2,1,2,3
1,1,1,0,0,0,1,0,0,1,1,1,0,0,0,0,1,0,0,0,0,1,CTRL_RSF1NO2,ACCCATTAAAGTTGAGGTGA,1,A,C,C,C,A,T,T,A,A,A,G,T,T,G,A,G,G,T,G,A,0,1,1,1,0,2,2,0,0,0,3,2,2,3,0,3,3,2,3,0
2,2,1,0,1,0,0,0,1,0,0,0,1,1,1,0,0,0,0,0,0,0,CTRL_EMX1NO2,AGATTTATGCAAACGGGTTG,1,A,G,A,T,T,T,A,T,G,C,A,A,A,C,G,G,G,T,T,G,0,3,0,2,2,2,0,2,3,1,0,0,0,1,3,3,3,2,2,3
3,3,1,0,0,0,0,0,0,0,0,0,0,0,1,0,1,1,0,0,1,0,CTRL_FANCFNO3,AGCGGCGGCTGCACAACCAG,1,A,G,C,G,G,C,G,G,C,T,G,C,A,C,A,A,C,C,A,G,0,3,1,3,3,1,3,3,1,2,3,1,0,1,0,0,1,1,0,3
4,4,1,0,0,0,0,0,0,0,0,0,0,1,0,0,0,0,0,0,0,0,CTRL_FANCFNO5,AGGCCCGGCGCACGGTGGCG,1,A,G,G,C,C,C,G,G,C,G,C,A,C,G,G,T,G,G,C,G,0,3,3,1,1,1,3,3,1,3,1,0,1,3,3,2,3,3,1,3
5,5,0,0,0,0,1,0,0,0,0,0,0,0,0,0,0,0,1,0,0,1,CTRL_TARDBPNO2,CGGGAGTTCTTCTCTCAGTA,1,C,G,G,G,A,G,T,T,C,T,T,C,T,C,T,C,A,G,T,A,1,3,3,3,0,3,2,2,1,2,2,1,2,1,2,1,0,3,2,0
6,6,0,1,1,0,1,0,1,1,1,0,0,1,0,1,0,1,0,0,0,0,CTRL_HEKsiteNO1,GAACACAAAGCATAGACTGC,1,G,A,A,C,A,C,A,A,A,G,C,A,T,A,G,A,C,T,G,C,3,0,0,1,0,1,0,0,0,3,1,0,2,0,3,0,1,2,3,1
7,7,0,1,1,0,1,0,0,1,1,0,0,1,0,1,0,1,0,0,0,0,CTRL_HEKsiteNO9,GAAGACCAAGGATAGACTGC,1,G,A,A,G,A,C,C,A,A,G,G,A,T,A,G,A,C,T,G,C,3,0,0,3,0,1,1,0,0,3,3,0,2,0,3,0,1,2,3,1
8,8,0,1,0,0,1,0,0,1,0,0,0,1,0,1,0,1,0,0,0,0,CTRL_HEKsiteNO2,GAGTATGAGGCATAGACTGC,1,G,A,G,T,A,T,G,A,G,G,C,A,T,A,G,A,C,T,G,C,3,0,3,2,0,2,3,0,3,3,1,0,2,0,3,0,1,2,3,1
9,9,0,1,0,0,0,0,0,1,0,0,1,0,1,1,0,1,1,0,1,1,CTRL_EMX1NO1,GAGTCCGAGCAGAAGAAGAA,1,G,A,G,T,C,C,G,A,G,C,A,G,A,A,G,A,A,G,A,A,3,0,3,2,1,1,3,0,3,1,0,3,0,0,3,0,0,3,0,0
10,10,0,1,0,1,0,0,0,1,0,1,0,1,1,1,1,0,0,0,0,0,HEKsite7LV,GATATTGATACAAAATGGGG,1,G,A,T,A,T,T,G,A,T,A,C,A,A,A,A,T,G,G,G,G,3,0,2,0,2,2,3,0,2,0,1,0,0,0,0,2,3,3,3,3
11,11,0,0,1,0,1,0,0,0,1,0,0,1,0,1,0,1,0,0,0,0,CTRL_HEKsiteNO11,GGACAGGCAGCATAGACTGT,1,G,G,A,C,A,G,G,C,A,G,C,A,T,A,G,A,C,T,G,T,3,3,0,1,0,3,3,1,0,3,1,0,2,0,3,0,1,2,3,2
12,12,0,0,0,0,1,1,1,0,1,0,0,1,0,1,0,1,0,0,0,0,CTRL_HEKsiteNO14,GGCTAAAGACCATAGACTGT,1,G,G,C,T,A,A,A,G,A,C,C,A,T,A,G,A,C,T,G,T,3,3,1,2,0,0,0,3,0,1,1,0,2,0,3,0,1,2,3,2
13,13,0,0,1,1,1,0,1,1,1,0,0,1,0,1,0,1,0,0,0,1,CTRL_HEKsiteNO8,GTAAACAAAGCATAGACTGA,1,G,T,A,A,A,C,A,A,A,G,C,A,T,A,G,A,C,T,G,A,3,2,0,0,0,1,0,0,0,3,1,0,2,0,3,0,1,2,3,0
14,14,0,0,0,1,1,0,1,1,1,0,0,1,0,1,0,1,0,0,0,0,CTRL_HEKsiteNO3,GTCAAGAAAGCAGAGACTGC,1,G,T,C,A,A,G,A,A,A,G,C,A,G,A,G,A,C,T,G,C,3,2,1,0,0,3,0,0,0,3,1,0,3,0,3,0,1,2,3,1
15,15,0,1,1,0,1,0,0,0,1,1,0,1,1,0,1,1,0,0,0,0,CTRL_DOCK3NO2,TAAGACTGAACAAGAATGGT,1,T,A,A,G,A,C,T,G,A,A,C,A,A,G,A,A,T,G,G,T,2,0,0,3,0,1,2,3,0,0,1,0,0,3,0,0,2,3,3,2
16,16,0,0,0,1,0,0,0,0,0,0,1,0,0,1,1,0,1,0,0,0,CTRL_ZNF212NO1,TGCACCTGGCATCAACACGG,1,T,G,C,A,C,C,T,G,G,C,A,T,C,A,A,C,A,C,G,G,2,3,1,0,1,1,2,3,3,1,0,2,1,0,0,1,0,1,3,3
17,17,0,0,0,0,0,0,0,0,0,0,0,1,0,1,0,1,0,0,1,1,CTRL_NEK1NO2,TGGCTCTCTCTACATAGTAA,1,T,G,G,C,T,C,T,C,T,C,T,A,C,A,T,A,G,T,A,A,2,3,3,1,2,1,2,1,2,1,2,0,1,0,2,0,3,2,0,0
